filename,time,all_policy_output_tokens,all_critic_output_tokens
preifx_len_16.txt,1665.6061925093334,144756.0,0.0
preifx_len_2.txt,1404.3407956759136,117622.66666666667,0.0
preifx_len_32.txt,1409.784297466278,142076.66666666666,0.0
preifx_len_4.txt,1410.3634527524312,117669.66666666667,0.0
preifx_len_64.txt,1490.661112467448,166573.0,0.0
preifx_len_8.txt,1473.7705651919048,131953.33333333334,0.0
