filename,time,all_policy_output_tokens,all_critic_output_tokens
preifx_len_16.txt,1522.5400017102559,158528.66666666666,0.0
preifx_len_2.txt,1227.9541967709858,125209.0,0.0
preifx_len_32.txt,1300.0139813423157,139835.0,0.0
preifx_len_4.txt,1288.2388359705608,129675.66666666667,0.0
preifx_len_64.txt,1086.361826499303,114893.0,0.0
preifx_len_8.txt,1394.2211054960887,144474.33333333334,0.0
