filename,time,all_policy_output_tokens,all_critic_output_tokens
preifx_len_16.txt,1414.84303800265,132993.0,0.0
preifx_len_2.txt,1468.3298176129658,136237.66666666666,0.0
preifx_len_32.txt,1410.1075919469197,143248.66666666666,0.0
preifx_len_4.txt,1221.3869474728901,114132.0,0.0
preifx_len_64.txt,1515.457259575526,162757.0,0.0
preifx_len_8.txt,1384.475576241811,128750.66666666667,0.0
