filename,time,all_policy_output_tokens,all_critic_output_tokens
preifx_len_16.txt,883.9085521697998,71748.0,50184.333333333336
preifx_len_2.txt,759.4366795221964,59000.666666666664,49628.666666666664
preifx_len_32.txt,939.8002709547678,74961.33333333333,53562.333333333336
preifx_len_4.txt,1004.6946448485056,72219.33333333333,67451.66666666667
preifx_len_64.txt,851.3514652252197,70343.66666666667,46298.666666666664
preifx_len_8.txt,874.1989000638326,68078.0,53317.333333333336
