filename,time,all_policy_output_tokens,all_critic_output_tokens
preifx_len_16.txt,678.7179134686788,66495.66666666667,27896.666666666668
preifx_len_2.txt,772.2919767697653,64373.666666666664,44661.666666666664
preifx_len_32.txt,761.0356605847677,68566.66666666667,37533.0
preifx_len_4.txt,734.5453073978424,61202.0,42217.333333333336
preifx_len_64.txt,765.5185577074686,69686.33333333333,37161.666666666664
preifx_len_8.txt,851.8107887903849,79051.33333333333,36855.0
