filename,time,all_policy_output_tokens,all_critic_output_tokens
preifx_len_16.txt,1560.3480920791626,199416.0,0.0
preifx_len_2.txt,1241.8300330638885,158634.66666666666,0.0
preifx_len_32.txt,1258.3143865267436,162258.0,0.0
preifx_len_4.txt,1228.77773753802,159799.0,0.0
preifx_len_64.txt,1126.1565668582916,150783.33333333334,0.0
preifx_len_8.txt,1445.9416706562042,185148.0,0.0
