filename,time,all_policy_output_tokens,all_critic_output_tokens
preifx_len_16.txt,1284.8362736701965,166029.33333333334,7834.666666666667
preifx_len_2.txt,1010.3266890048981,132964.33333333334,8008.0
preifx_len_32.txt,1322.4398891131084,175699.0,2284.6666666666665
preifx_len_4.txt,1480.6325902144115,169687.33333333334,30729.0
preifx_len_64.txt,993.4113604227701,135493.66666666666,2705.6666666666665
preifx_len_8.txt,1282.7788246472676,153326.66666666666,21642.333333333332
