filename,time,all_policy_output_tokens,all_critic_output_tokens
preifx_len_16.txt,1981.2837218443553,175273.66666666666,95233.66666666667
preifx_len_2.txt,1934.3714910348256,158375.0,110945.66666666667
preifx_len_32.txt,1863.3131850560505,167030.66666666666,89793.33333333333
preifx_len_4.txt,2072.8790938059487,163783.0,123188.0
preifx_len_64.txt,1959.1275628407795,181544.66666666666,84869.33333333333
preifx_len_8.txt,1918.8535430431366,161200.33333333334,104414.33333333333
