filename,time,all_policy_output_tokens,all_critic_output_tokens
preifx_len_16.txt,1415.9759775797527,176598.33333333334,0.0
preifx_len_2.txt,1201.643208662669,150350.66666666666,0.0
preifx_len_32.txt,1219.2805102666218,160025.33333333334,0.0
preifx_len_4.txt,1231.590834935506,154800.33333333334,0.0
preifx_len_64.txt,1115.6859505971272,145245.0,0.0
preifx_len_8.txt,1269.9509519735973,160856.0,0.0
