filename,time,all_policy_output_tokens,all_critic_output_tokens
preifx_len_16.txt,1682.866793870926,211097.0,0.0
preifx_len_2.txt,1460.5211930274963,182235.33333333334,0.0
preifx_len_32.txt,1568.584590991338,198283.33333333334,0.0
preifx_len_4.txt,1226.8125007152557,152960.33333333334,0.0
preifx_len_64.txt,1266.3088136514027,168144.33333333334,0.0
preifx_len_8.txt,1338.2917126814525,168172.33333333334,0.0
